name,platform,username,profile_url,followers,followers_source,engagement_rate,engagement_source,engagement_method,engagement_sample_size,article_reactions,article_comments,article_engagement_source,category,sub_niche,content_themes,content_style,content_source,bio,recent_content,contact_email,email_source,website,creator_geography,audience_age,audience_gender,audience_geography,demographics_source,source,source_url,extraction_method,discovered_at
gaearon,GitHub,gaearon,https://github.com/gaearon,Not Found,Not Found,Not Found,Not Found,Not Found,0,Not Found,Not Found,Not Found,Technology,Software Engineering,"['Open Source Code', 'Software Development']",Open Source Code & Tech Repositories,Not Found,GitHub Developer (@gaearon),['Not Found'],Not Found,Not Found,Not Found,Not Found,Not Found,Not Found,Not Found,Not Found,GitHub Public Tech Developer Directory,https://api.github.com/search/users?q=type:user+followers:5000..100000&per_page=30,HTTP GET REST API Extraction (httpx),2026-08-22T08:03:50.364651+00:00
ruanyf,GitHub,ruanyf,https://github.com/ruanyf,Not Found,Not Found,Not Found,Not Found,Not Found,0,Not Found,Not Found,Not Found,Technology,Software Engineering,"['Open Source Code', 'Software Development']",Open Source Code & Tech Repositories,Not Found,GitHub Developer (@ruanyf),['Not Found'],Not Found,Not Found,Not Found,Not Found,Not Found,Not Found,Not Found,Not Found,GitHub Public Tech Developer Directory,https://api.github.com/search/users?q=type:user+followers:5000..100000&per_page=30,HTTP GET REST API Extraction (httpx),2026-08-22T08:03:51.496674+00:00
peng-zhihui,GitHub,peng-zhihui,https://github.com/peng-zhihui,Not Found,Not Found,Not Found,Not Found,Not Found,0,Not Found,Not Found,Not Found,Technology,Software Engineering,"['Open Source Code', 'Software Development']",Open Source Code & Tech Repositories,Not Found,GitHub Developer (@peng-zhihui),['Not Found'],Not Found,Not Found,Not Found,Not Found,Not Found,Not Found,Not Found,Not Found,GitHub Public Tech Developer Directory,https://api.github.com/search/users?q=type:user+followers:5000..100000&per_page=30,HTTP GET REST API Extraction (httpx),2026-08-22T08:03:52.204466+00:00
sindresorhus,GitHub,sindresorhus,https://github.com/sindresorhus,Not Found,Not Found,Not Found,Not Found,Not Found,0,Not Found,Not Found,Not Found,Technology,Software Engineering,"['Open Source Code', 'Software Development']",Open Source Code & Tech Repositories,Not Found,GitHub Developer (@sindresorhus),['Not Found'],Not Found,Not Found,Not Found,Not Found,Not Found,Not Found,Not Found,Not Found,GitHub Public Tech Developer Directory,https://api.github.com/search/users?q=type:user+followers:5000..100000&per_page=30,HTTP GET REST API Extraction (httpx),2026-08-22T08:03:53.025533+00:00
bradtraversy,GitHub,bradtraversy,https://github.com/bradtraversy,Not Found,Not Found,Not Found,Not Found,Not Found,0,Not Found,Not Found,Not Found,Technology,Software Engineering,"['Open Source Code', 'Software Development']",Open Source Code & Tech Repositories,Not Found,GitHub Developer (@bradtraversy),['Not Found'],Not Found,Not Found,Not Found,Not Found,Not Found,Not Found,Not Found,Not Found,GitHub Public Tech Developer Directory,https://api.github.com/search/users?q=type:user+followers:5000..100000&per_page=30,HTTP GET REST API Extraction (httpx),2026-08-22T08:03:53.742289+00:00
JakeWharton,GitHub,jakewharton,https://github.com/JakeWharton,Not Found,Not Found,Not Found,Not Found,Not Found,0,Not Found,Not Found,Not Found,Technology,Software Engineering,"['Open Source Code', 'Software Development']",Open Source Code & Tech Repositories,Not Found,GitHub Developer (@JakeWharton),['Not Found'],Not Found,Not Found,Not Found,Not Found,Not Found,Not Found,Not Found,Not Found,GitHub Public Tech Developer Directory,https://api.github.com/search/users?q=type:user+followers:5000..100000&per_page=30,HTTP GET REST API Extraction (httpx),2026-08-22T08:03:54.664772+00:00
lucidrains,GitHub,lucidrains,https://github.com/lucidrains,Not Found,Not Found,Not Found,Not Found,Not Found,0,Not Found,Not Found,Not Found,Technology,Software Engineering,"['Open Source Code', 'Software Development']",Open Source Code & Tech Repositories,Not Found,GitHub Developer (@lucidrains),['Not Found'],Not Found,Not Found,Not Found,Not Found,Not Found,Not Found,Not Found,Not Found,GitHub Public Tech Developer Directory,https://api.github.com/search/users?q=type:user+followers:5000..100000&per_page=30,HTTP GET REST API Extraction (httpx),2026-08-22T08:03:55.361597+00:00
hiteshchoudhary,GitHub,hiteshchoudhary,https://github.com/hiteshchoudhary,Not Found,Not Found,Not Found,Not Found,Not Found,0,Not Found,Not Found,Not Found,Technology,Software Engineering,"['Open Source Code', 'Software Development']",Open Source Code & Tech Repositories,Not Found,GitHub Developer (@hiteshchoudhary),['Not Found'],Not Found,Not Found,Not Found,Not Found,Not Found,Not Found,Not Found,Not Found,GitHub Public Tech Developer Directory,https://api.github.com/search/users?q=type:user+followers:5000..100000&per_page=30,HTTP GET REST API Extraction (httpx),2026-08-22T08:03:56.099074+00:00
rafaballerini,GitHub,rafaballerini,https://github.com/rafaballerini,Not Found,Not Found,Not Found,Not Found,Not Found,0,Not Found,Not Found,Not Found,Technology,Software Engineering,"['Open Source Code', 'Software Development']",Open Source Code & Tech Repositories,Not Found,GitHub Developer (@rafaballerini),['Not Found'],Not Found,Not Found,Not Found,Not Found,Not Found,Not Found,Not Found,Not Found,GitHub Public Tech Developer Directory,https://api.github.com/search/users?q=type:user+followers:5000..100000&per_page=30,HTTP GET REST API Extraction (httpx),2026-08-22T08:03:56.653288+00:00
IDouble,GitHub,idouble,https://github.com/IDouble,Not Found,Not Found,Not Found,Not Found,Not Found,0,Not Found,Not Found,Not Found,Technology,Software Engineering,"['Open Source Code', 'Software Development']",Open Source Code & Tech Repositories,Not Found,GitHub Developer (@IDouble),['Not Found'],Not Found,Not Found,Not Found,Not Found,Not Found,Not Found,Not Found,Not Found,GitHub Public Tech Developer Directory,https://api.github.com/search/users?q=type:user+followers:5000..100000&per_page=30,HTTP GET REST API Extraction (httpx),2026-08-22T08:03:57.101446+00:00
steipete,GitHub,steipete,https://github.com/steipete,Not Found,Not Found,Not Found,Not Found,Not Found,0,Not Found,Not Found,Not Found,Technology,Software Engineering,"['Open Source Code', 'Software Development']",Open Source Code & Tech Repositories,Not Found,GitHub Developer (@steipete),['Not Found'],Not Found,Not Found,Not Found,Not Found,Not Found,Not Found,Not Found,Not Found,GitHub Public Tech Developer Directory,https://api.github.com/search/users?q=type:user+followers:5000..100000&per_page=30,HTTP GET REST API Extraction (httpx),2026-08-22T08:03:57.528596+00:00
addyosmani,GitHub,addyosmani,https://github.com/addyosmani,Not Found,Not Found,Not Found,Not Found,Not Found,0,Not Found,Not Found,Not Found,Technology,Software Engineering,"['Open Source Code', 'Software Development']",Open Source Code & Tech Repositories,Not Found,GitHub Developer (@addyosmani),['Not Found'],Not Found,Not Found,Not Found,Not Found,Not Found,Not Found,Not Found,Not Found,GitHub Public Tech Developer Directory,https://api.github.com/search/users?q=type:user+followers:5000..100000&per_page=30,HTTP GET REST API Extraction (httpx),2026-08-22T08:03:58.098870+00:00
tj,GitHub,tj,https://github.com/tj,Not Found,Not Found,Not Found,Not Found,Not Found,0,Not Found,Not Found,Not Found,Technology,Software Engineering,"['Open Source Code', 'Software Development']",Open Source Code & Tech Repositories,Not Found,GitHub Developer (@tj),['Not Found'],Not Found,Not Found,Not Found,Not Found,Not Found,Not Found,Not Found,Not Found,GitHub Public Tech Developer Directory,https://api.github.com/search/users?q=type:user+followers:5000..100000&per_page=30,HTTP GET REST API Extraction (httpx),2026-08-22T08:03:58.569494+00:00
ThePrimeagen,GitHub,theprimeagen,https://github.com/ThePrimeagen,Not Found,Not Found,Not Found,Not Found,Not Found,0,Not Found,Not Found,Not Found,Technology,Software Engineering,"['Open Source Code', 'Software Development']",Open Source Code & Tech Repositories,Not Found,GitHub Developer (@ThePrimeagen),['Not Found'],Not Found,Not Found,Not Found,Not Found,Not Found,Not Found,Not Found,Not Found,GitHub Public Tech Developer Directory,https://api.github.com/search/users?q=type:user+followers:5000..100000&per_page=30,HTTP GET REST API Extraction (httpx),2026-08-22T08:03:59.084978+00:00
geohot,GitHub,geohot,https://github.com/geohot,Not Found,Not Found,Not Found,Not Found,Not Found,0,Not Found,Not Found,Not Found,Technology,Software Engineering,"['Open Source Code', 'Software Development']",Open Source Code & Tech Repositories,Not Found,GitHub Developer (@geohot),['Not Found'],Not Found,Not Found,Not Found,Not Found,Not Found,Not Found,Not Found,Not Found,GitHub Public Tech Developer Directory,https://api.github.com/search/users?q=type:user+followers:5000..100000&per_page=30,HTTP GET REST API Extraction (httpx),2026-08-22T08:03:59.623634+00:00
getify,GitHub,getify,https://github.com/getify,Not Found,Not Found,Not Found,Not Found,Not Found,0,Not Found,Not Found,Not Found,Technology,Software Engineering,"['Open Source Code', 'Software Development']",Open Source Code & Tech Repositories,Not Found,GitHub Developer (@getify),['Not Found'],Not Found,Not Found,Not Found,Not Found,Not Found,Not Found,Not Found,Not Found,GitHub Public Tech Developer Directory,https://api.github.com/search/users?q=type:user+followers:5000..100000&per_page=30,HTTP GET REST API Extraction (httpx),2026-08-22T08:04:00.278577+00:00
krishnaik06,GitHub,krishnaik06,https://github.com/krishnaik06,Not Found,Not Found,Not Found,Not Found,Not Found,0,Not Found,Not Found,Not Found,Technology,Software Engineering,"['Open Source Code', 'Software Development']",Open Source Code & Tech Repositories,Not Found,GitHub Developer (@krishnaik06),['Not Found'],Not Found,Not Found,Not Found,Not Found,Not Found,Not Found,Not Found,Not Found,GitHub Public Tech Developer Directory,https://api.github.com/search/users?q=type:user+followers:5000..100000&per_page=30,HTTP GET REST API Extraction (httpx),2026-08-22T08:04:00.700049+00:00
CodeWithHarry,GitHub,codewithharry,https://github.com/CodeWithHarry,Not Found,Not Found,Not Found,Not Found,Not Found,0,Not Found,Not Found,Not Found,Technology,Software Engineering,"['Open Source Code', 'Software Development']",Open Source Code & Tech Repositories,Not Found,GitHub Developer (@CodeWithHarry),['Not Found'],Not Found,Not Found,Not Found,Not Found,Not Found,Not Found,Not Found,Not Found,GitHub Public Tech Developer Directory,https://api.github.com/search/users?q=type:user+followers:5000..100000&per_page=30,HTTP GET REST API Extraction (httpx),2026-08-22T08:04:01.119772+00:00
3b1b,GitHub,3b1b,https://github.com/3b1b,Not Found,Not Found,Not Found,Not Found,Not Found,0,Not Found,Not Found,Not Found,Technology,Software Engineering,"['Open Source Code', 'Software Development']",Open Source Code & Tech Repositories,Not Found,GitHub Developer (@3b1b),['Not Found'],Not Found,Not Found,Not Found,Not Found,Not Found,Not Found,Not Found,Not Found,GitHub Public Tech Developer Directory,https://api.github.com/search/users?q=type:user+followers:5000..100000&per_page=30,HTTP GET REST API Extraction (httpx),2026-08-22T08:04:01.718517+00:00
JohnMwendwa,GitHub,johnmwendwa,https://github.com/JohnMwendwa,Not Found,Not Found,Not Found,Not Found,Not Found,0,Not Found,Not Found,Not Found,Technology,Software Engineering,"['Open Source Code', 'Software Development']",Open Source Code & Tech Repositories,Not Found,GitHub Developer (@JohnMwendwa),['Not Found'],Not Found,Not Found,Not Found,Not Found,Not Found,Not Found,Not Found,Not Found,GitHub Public Tech Developer Directory,https://api.github.com/search/users?q=type:user+followers:5000..100000&per_page=30,HTTP GET REST API Extraction (httpx),2026-08-22T08:04:02.559723+00:00
nilbuild,GitHub,nilbuild,https://github.com/nilbuild,Not Found,Not Found,Not Found,Not Found,Not Found,0,Not Found,Not Found,Not Found,Technology,Software Engineering,"['Open Source Code', 'Software Development']",Open Source Code & Tech Repositories,Not Found,GitHub Developer (@nilbuild),['Not Found'],Not Found,Not Found,Not Found,Not Found,Not Found,Not Found,Not Found,Not Found,GitHub Public Tech Developer Directory,https://api.github.com/search/users?q=type:user+followers:5000..100000&per_page=30,HTTP GET REST API Extraction (httpx),2026-08-22T08:04:03.476104+00:00
filipedeschamps,GitHub,filipedeschamps,https://github.com/filipedeschamps,Not Found,Not Found,Not Found,Not Found,Not Found,0,Not Found,Not Found,Not Found,Technology,Software Engineering,"['Open Source Code', 'Software Development']",Open Source Code & Tech Repositories,Not Found,GitHub Developer (@filipedeschamps),['Not Found'],Not Found,Not Found,Not Found,Not Found,Not Found,Not Found,Not Found,Not Found,GitHub Public Tech Developer Directory,https://api.github.com/search/users?q=type:user+followers:5000..100000&per_page=30,HTTP GET REST API Extraction (httpx),2026-08-22T08:04:03.924555+00:00
mattpocock,GitHub,mattpocock,https://github.com/mattpocock,Not Found,Not Found,Not Found,Not Found,Not Found,0,Not Found,Not Found,Not Found,Technology,Software Engineering,"['Open Source Code', 'Software Development']",Open Source Code & Tech Repositories,Not Found,GitHub Developer (@mattpocock),['Not Found'],Not Found,Not Found,Not Found,Not Found,Not Found,Not Found,Not Found,Not Found,GitHub Public Tech Developer Directory,https://api.github.com/search/users?q=type:user+followers:5000..100000&per_page=30,HTTP GET REST API Extraction (httpx),2026-08-22T08:04:04.343716+00:00
antfu,GitHub,antfu,https://github.com/antfu,Not Found,Not Found,Not Found,Not Found,Not Found,0,Not Found,Not Found,Not Found,Technology,Software Engineering,"['Open Source Code', 'Software Development']",Open Source Code & Tech Repositories,Not Found,GitHub Developer (@antfu),['Not Found'],Not Found,Not Found,Not Found,Not Found,Not Found,Not Found,Not Found,Not Found,GitHub Public Tech Developer Directory,https://api.github.com/search/users?q=type:user+followers:5000..100000&per_page=30,HTTP GET REST API Extraction (httpx),2026-08-22T08:04:05.131110+00:00
rasbt,GitHub,rasbt,https://github.com/rasbt,Not Found,Not Found,Not Found,Not Found,Not Found,0,Not Found,Not Found,Not Found,Technology,Software Engineering,"['Open Source Code', 'Software Development']",Open Source Code & Tech Repositories,Not Found,GitHub Developer (@rasbt),['Not Found'],Not Found,Not Found,Not Found,Not Found,Not Found,Not Found,Not Found,Not Found,GitHub Public Tech Developer Directory,https://api.github.com/search/users?q=type:user+followers:5000..100000&per_page=30,HTTP GET REST API Extraction (httpx),2026-08-22T08:04:05.619404+00:00
midudev,GitHub,midudev,https://github.com/midudev,Not Found,Not Found,Not Found,Not Found,Not Found,0,Not Found,Not Found,Not Found,Technology,Software Engineering,"['Open Source Code', 'Software Development']",Open Source Code & Tech Repositories,Not Found,GitHub Developer (@midudev),['Not Found'],Not Found,Not Found,Not Found,Not Found,Not Found,Not Found,Not Found,Not Found,GitHub Public Tech Developer Directory,https://api.github.com/search/users?q=type:user+followers:5000..100000&per_page=30,HTTP GET REST API Extraction (httpx),2026-08-22T08:04:06.039611+00:00
michaelliao,GitHub,michaelliao,https://github.com/michaelliao,Not Found,Not Found,Not Found,Not Found,Not Found,0,Not Found,Not Found,Not Found,Technology,Software Engineering,"['Open Source Code', 'Software Development']",Open Source Code & Tech Repositories,Not Found,GitHub Developer (@michaelliao),['Not Found'],Not Found,Not Found,Not Found,Not Found,Not Found,Not Found,Not Found,Not Found,GitHub Public Tech Developer Directory,https://api.github.com/search/users?q=type:user+followers:5000..100000&per_page=30,HTTP GET REST API Extraction (httpx),2026-08-22T08:04:06.463380+00:00
kunal-kushwaha,GitHub,kunal-kushwaha,https://github.com/kunal-kushwaha,Not Found,Not Found,Not Found,Not Found,Not Found,0,Not Found,Not Found,Not Found,Technology,Software Engineering,"['Open Source Code', 'Software Development']",Open Source Code & Tech Repositories,Not Found,GitHub Developer (@kunal-kushwaha),['Not Found'],Not Found,Not Found,Not Found,Not Found,Not Found,Not Found,Not Found,Not Found,GitHub Public Tech Developer Directory,https://api.github.com/search/users?q=type:user+followers:5000..100000&per_page=30,HTTP GET REST API Extraction (httpx),2026-08-22T08:04:06.891295+00:00
adrianhajdin,GitHub,adrianhajdin,https://github.com/adrianhajdin,Not Found,Not Found,Not Found,Not Found,Not Found,0,Not Found,Not Found,Not Found,Technology,Software Engineering,"['Open Source Code', 'Software Development']",Open Source Code & Tech Repositories,Not Found,GitHub Developer (@adrianhajdin),['Not Found'],Not Found,Not Found,Not Found,Not Found,Not Found,Not Found,Not Found,Not Found,GitHub Public Tech Developer Directory,https://api.github.com/search/users?q=type:user+followers:5000..100000&per_page=30,HTTP GET REST API Extraction (httpx),2026-08-22T08:04:07.279165+00:00
dmalan,GitHub,dmalan,https://github.com/dmalan,Not Found,Not Found,Not Found,Not Found,Not Found,0,Not Found,Not Found,Not Found,Technology,Software Engineering,"['Open Source Code', 'Software Development']",Open Source Code & Tech Repositories,Not Found,GitHub Developer (@dmalan),['Not Found'],Not Found,Not Found,Not Found,Not Found,Not Found,Not Found,Not Found,Not Found,GitHub Public Tech Developer Directory,https://api.github.com/search/users?q=type:user+followers:5000..100000&per_page=30,HTTP GET REST API Extraction (httpx),2026-08-22T08:04:07.711839+00:00
vietnh1009,GitHub,vietnh1009,https://github.com/vietnh1009,Not Found,Not Found,Not Found,Not Found,Not Found,0,Not Found,Not Found,Not Found,Technology,Software Engineering,"['Open Source Code', 'Software Development']",Open Source Code & Tech Repositories,Not Found,GitHub Developer (@vietnh1009),['Not Found'],Not Found,Not Found,Not Found,Not Found,Not Found,Not Found,Not Found,Not Found,GitHub Public Tech Developer Directory,https://api.github.com/search/users?q=type:user+followers:1000..5000+language:python&per_page=30,HTTP GET REST API Extraction (httpx),2026-08-22T08:04:09.093644+00:00
ogrisel,GitHub,ogrisel,https://github.com/ogrisel,Not Found,Not Found,Not Found,Not Found,Not Found,0,Not Found,Not Found,Not Found,Technology,Software Engineering,"['Open Source Code', 'Software Development']",Open Source Code & Tech Repositories,Not Found,GitHub Developer (@ogrisel),['Not Found'],Not Found,Not Found,Not Found,Not Found,Not Found,Not Found,Not Found,Not Found,GitHub Public Tech Developer Directory,https://api.github.com/search/users?q=type:user+followers:1000..5000+language:python&per_page=30,HTTP GET REST API Extraction (httpx),2026-08-22T08:04:09.508398+00:00
wepe,GitHub,wepe,https://github.com/wepe,Not Found,Not Found,Not Found,Not Found,Not Found,0,Not Found,Not Found,Not Found,Technology,Software Engineering,"['Open Source Code', 'Software Development']",Open Source Code & Tech Repositories,Not Found,GitHub Developer (@wepe),['Not Found'],Not Found,Not Found,Not Found,Not Found,Not Found,Not Found,Not Found,Not Found,GitHub Public Tech Developer Directory,https://api.github.com/search/users?q=type:user+followers:1000..5000+language:python&per_page=30,HTTP GET REST API Extraction (httpx),2026-08-22T08:04:09.935045+00:00
justcallmekoko,GitHub,justcallmekoko,https://github.com/justcallmekoko,Not Found,Not Found,Not Found,Not Found,Not Found,0,Not Found,Not Found,Not Found,Technology,Software Engineering,"['Open Source Code', 'Software Development']",Open Source Code & Tech Repositories,Not Found,GitHub Developer (@justcallmekoko),['Not Found'],Not Found,Not Found,Not Found,Not Found,Not Found,Not Found,Not Found,Not Found,GitHub Public Tech Developer Directory,https://api.github.com/search/users?q=type:user+followers:1000..5000+language:python&per_page=30,HTTP GET REST API Extraction (httpx),2026-08-22T08:04:10.357502+00:00
CamDavidsonPilon,GitHub,camdavidsonpilon,https://github.com/CamDavidsonPilon,Not Found,Not Found,Not Found,Not Found,Not Found,0,Not Found,Not Found,Not Found,Technology,Software Engineering,"['Open Source Code', 'Software Development']",Open Source Code & Tech Repositories,Not Found,GitHub Developer (@CamDavidsonPilon),['Not Found'],Not Found,Not Found,Not Found,Not Found,Not Found,Not Found,Not Found,Not Found,GitHub Public Tech Developer Directory,https://api.github.com/search/users?q=type:user+followers:1000..5000+language:python&per_page=30,HTTP GET REST API Extraction (httpx),2026-08-22T08:04:10.814709+00:00
AtsushiSakai,GitHub,atsushisakai,https://github.com/AtsushiSakai,Not Found,Not Found,Not Found,Not Found,Not Found,0,Not Found,Not Found,Not Found,Technology,Software Engineering,"['Open Source Code', 'Software Development']",Open Source Code & Tech Repositories,Not Found,GitHub Developer (@AtsushiSakai),['Not Found'],Not Found,Not Found,Not Found,Not Found,Not Found,Not Found,Not Found,Not Found,GitHub Public Tech Developer Directory,https://api.github.com/search/users?q=type:user+followers:1000..5000+language:python&per_page=30,HTTP GET REST API Extraction (httpx),2026-08-22T08:04:11.246139+00:00
Prince-Mendiratta,GitHub,prince-mendiratta,https://github.com/Prince-Mendiratta,Not Found,Not Found,Not Found,Not Found,Not Found,0,Not Found,Not Found,Not Found,Technology,Software Engineering,"['Open Source Code', 'Software Development']",Open Source Code & Tech Repositories,Not Found,GitHub Developer (@Prince-Mendiratta),['Not Found'],Not Found,Not Found,Not Found,Not Found,Not Found,Not Found,Not Found,Not Found,GitHub Public Tech Developer Directory,https://api.github.com/search/users?q=type:user+followers:1000..5000+language:python&per_page=30,HTTP GET REST API Extraction (httpx),2026-08-22T08:04:11.649259+00:00
yeasy,GitHub,yeasy,https://github.com/yeasy,Not Found,Not Found,Not Found,Not Found,Not Found,0,Not Found,Not Found,Not Found,Technology,Software Engineering,"['Open Source Code', 'Software Development']",Open Source Code & Tech Repositories,Not Found,GitHub Developer (@yeasy),['Not Found'],Not Found,Not Found,Not Found,Not Found,Not Found,Not Found,Not Found,Not Found,GitHub Public Tech Developer Directory,https://api.github.com/search/users?q=type:user+followers:1000..5000+language:python&per_page=30,HTTP GET REST API Extraction (httpx),2026-08-22T08:04:12.183498+00:00
rochacbruno,GitHub,rochacbruno,https://github.com/rochacbruno,Not Found,Not Found,Not Found,Not Found,Not Found,0,Not Found,Not Found,Not Found,Technology,Software Engineering,"['Open Source Code', 'Software Development']",Open Source Code & Tech Repositories,Not Found,GitHub Developer (@rochacbruno),['Not Found'],Not Found,Not Found,Not Found,Not Found,Not Found,Not Found,Not Found,Not Found,GitHub Public Tech Developer Directory,https://api.github.com/search/users?q=type:user+followers:1000..5000+language:python&per_page=30,HTTP GET REST API Extraction (httpx),2026-08-22T08:04:12.670945+00:00
developerrahulofficial,GitHub,developerrahulofficial,https://github.com/developerrahulofficial,Not Found,Not Found,Not Found,Not Found,Not Found,0,Not Found,Not Found,Not Found,Technology,Software Engineering,"['Open Source Code', 'Software Development']",Open Source Code & Tech Repositories,Not Found,GitHub Developer (@developerrahulofficial),['Not Found'],Not Found,Not Found,Not Found,Not Found,Not Found,Not Found,Not Found,Not Found,GitHub Public Tech Developer Directory,https://api.github.com/search/users?q=type:user+followers:1000..5000+language:python&per_page=30,HTTP GET REST API Extraction (httpx),2026-08-22T08:04:13.076089+00:00
afshinea,GitHub,afshinea,https://github.com/afshinea,Not Found,Not Found,Not Found,Not Found,Not Found,0,Not Found,Not Found,Not Found,Technology,Software Engineering,"['Open Source Code', 'Software Development']",Open Source Code & Tech Repositories,Not Found,GitHub Developer (@afshinea),['Not Found'],Not Found,Not Found,Not Found,Not Found,Not Found,Not Found,Not Found,Not Found,GitHub Public Tech Developer Directory,https://api.github.com/search/users?q=type:user+followers:1000..5000+language:python&per_page=30,HTTP GET REST API Extraction (httpx),2026-08-22T08:04:13.626830+00:00
lazyprogrammer,GitHub,lazyprogrammer,https://github.com/lazyprogrammer,Not Found,Not Found,Not Found,Not Found,Not Found,0,Not Found,Not Found,Not Found,Technology,Software Engineering,"['Open Source Code', 'Software Development']",Open Source Code & Tech Repositories,Not Found,GitHub Developer (@lazyprogrammer),['Not Found'],Not Found,Not Found,Not Found,Not Found,Not Found,Not Found,Not Found,Not Found,GitHub Public Tech Developer Directory,https://api.github.com/search/users?q=type:user+followers:1000..5000+language:python&per_page=30,HTTP GET REST API Extraction (httpx),2026-08-22T08:04:14.089526+00:00
jlevy,GitHub,jlevy,https://github.com/jlevy,Not Found,Not Found,Not Found,Not Found,Not Found,0,Not Found,Not Found,Not Found,Technology,Software Engineering,"['Open Source Code', 'Software Development']",Open Source Code & Tech Repositories,Not Found,GitHub Developer (@jlevy),['Not Found'],Not Found,Not Found,Not Found,Not Found,Not Found,Not Found,Not Found,Not Found,GitHub Public Tech Developer Directory,https://api.github.com/search/users?q=type:user+followers:1000..5000+language:python&per_page=30,HTTP GET REST API Extraction (httpx),2026-08-22T08:04:14.677661+00:00
NielsRogge,GitHub,nielsrogge,https://github.com/NielsRogge,Not Found,Not Found,Not Found,Not Found,Not Found,0,Not Found,Not Found,Not Found,Technology,Software Engineering,"['Open Source Code', 'Software Development']",Open Source Code & Tech Repositories,Not Found,GitHub Developer (@NielsRogge),['Not Found'],Not Found,Not Found,Not Found,Not Found,Not Found,Not Found,Not Found,Not Found,GitHub Public Tech Developer Directory,https://api.github.com/search/users?q=type:user+followers:1000..5000+language:python&per_page=30,HTTP GET REST API Extraction (httpx),2026-08-22T08:04:15.221824+00:00
gaogaotiantian,GitHub,gaogaotiantian,https://github.com/gaogaotiantian,Not Found,Not Found,Not Found,Not Found,Not Found,0,Not Found,Not Found,Not Found,Technology,Software Engineering,"['Open Source Code', 'Software Development']",Open Source Code & Tech Repositories,Not Found,GitHub Developer (@gaogaotiantian),['Not Found'],Not Found,Not Found,Not Found,Not Found,Not Found,Not Found,Not Found,Not Found,GitHub Public Tech Developer Directory,https://api.github.com/search/users?q=type:user+followers:1000..5000+language:python&per_page=30,HTTP GET REST API Extraction (httpx),2026-08-22T08:04:15.737857+00:00
dunossauro,GitHub,dunossauro,https://github.com/dunossauro,Not Found,Not Found,Not Found,Not Found,Not Found,0,Not Found,Not Found,Not Found,Technology,Software Engineering,"['Open Source Code', 'Software Development']",Open Source Code & Tech Repositories,Not Found,GitHub Developer (@dunossauro),['Not Found'],Not Found,Not Found,Not Found,Not Found,Not Found,Not Found,Not Found,Not Found,GitHub Public Tech Developer Directory,https://api.github.com/search/users?q=type:user+followers:1000..5000+language:python&per_page=30,HTTP GET REST API Extraction (httpx),2026-08-22T08:04:16.197246+00:00
jalammar,GitHub,jalammar,https://github.com/jalammar,Not Found,Not Found,Not Found,Not Found,Not Found,0,Not Found,Not Found,Not Found,Technology,Software Engineering,"['Open Source Code', 'Software Development']",Open Source Code & Tech Repositories,Not Found,GitHub Developer (@jalammar),['Not Found'],Not Found,Not Found,Not Found,Not Found,Not Found,Not Found,Not Found,Not Found,GitHub Public Tech Developer Directory,https://api.github.com/search/users?q=type:user+followers:1000..5000+language:python&per_page=30,HTTP GET REST API Extraction (httpx),2026-08-22T08:04:16.652821+00:00
inconvergent,GitHub,inconvergent,https://github.com/inconvergent,Not Found,Not Found,Not Found,Not Found,Not Found,0,Not Found,Not Found,Not Found,Technology,Software Engineering,"['Open Source Code', 'Software Development']",Open Source Code & Tech Repositories,Not Found,GitHub Developer (@inconvergent),['Not Found'],Not Found,Not Found,Not Found,Not Found,Not Found,Not Found,Not Found,Not Found,GitHub Public Tech Developer Directory,https://api.github.com/search/users?q=type:user+followers:1000..5000+language:python&per_page=30,HTTP GET REST API Extraction (httpx),2026-08-22T08:04:17.613533+00:00
josephmisiti,GitHub,josephmisiti,https://github.com/josephmisiti,Not Found,Not Found,Not Found,Not Found,Not Found,0,Not Found,Not Found,Not Found,Technology,Software Engineering,"['Open Source Code', 'Software Development']",Open Source Code & Tech Repositories,Not Found,GitHub Developer (@josephmisiti),['Not Found'],Not Found,Not Found,Not Found,Not Found,Not Found,Not Found,Not Found,Not Found,GitHub Public Tech Developer Directory,https://api.github.com/search/users?q=type:user+followers:1000..5000+language:python&per_page=30,HTTP GET REST API Extraction (httpx),2026-08-22T08:04:18.045942+00:00
ramalho,GitHub,ramalho,https://github.com/ramalho,Not Found,Not Found,Not Found,Not Found,Not Found,0,Not Found,Not Found,Not Found,Technology,Software Engineering,"['Open Source Code', 'Software Development']",Open Source Code & Tech Repositories,Not Found,GitHub Developer (@ramalho),['Not Found'],Not Found,Not Found,Not Found,Not Found,Not Found,Not Found,Not Found,Not Found,GitHub Public Tech Developer Directory,https://api.github.com/search/users?q=type:user+followers:1000..5000+language:python&per_page=30,HTTP GET REST API Extraction (httpx),2026-08-22T08:04:18.581828+00:00
iamtrask,GitHub,iamtrask,https://github.com/iamtrask,Not Found,Not Found,Not Found,Not Found,Not Found,0,Not Found,Not Found,Not Found,Technology,Software Engineering,"['Open Source Code', 'Software Development']",Open Source Code & Tech Repositories,Not Found,GitHub Developer (@iamtrask),['Not Found'],Not Found,Not Found,Not Found,Not Found,Not Found,Not Found,Not Found,Not Found,GitHub Public Tech Developer Directory,https://api.github.com/search/users?q=type:user+followers:1000..5000+language:python&per_page=30,HTTP GET REST API Extraction (httpx),2026-08-22T08:04:19.213157+00:00
teorth,GitHub,teorth,https://github.com/teorth,Not Found,Not Found,Not Found,Not Found,Not Found,0,Not Found,Not Found,Not Found,Technology,Software Engineering,"['Open Source Code', 'Software Development']",Open Source Code & Tech Repositories,Not Found,GitHub Developer (@teorth),['Not Found'],Not Found,Not Found,Not Found,Not Found,Not Found,Not Found,Not Found,Not Found,GitHub Public Tech Developer Directory,https://api.github.com/search/users?q=type:user+followers:1000..5000+language:python&per_page=30,HTTP GET REST API Extraction (httpx),2026-08-22T08:04:19.751302+00:00
pydanny,GitHub,pydanny,https://github.com/pydanny,Not Found,Not Found,Not Found,Not Found,Not Found,0,Not Found,Not Found,Not Found,Technology,Software Engineering,"['Open Source Code', 'Software Development']",Open Source Code & Tech Repositories,Not Found,GitHub Developer (@pydanny),['Not Found'],Not Found,Not Found,Not Found,Not Found,Not Found,Not Found,Not Found,Not Found,GitHub Public Tech Developer Directory,https://api.github.com/search/users?q=type:user+followers:1000..5000+language:python&per_page=30,HTTP GET REST API Extraction (httpx),2026-08-22T08:04:20.669387+00:00
hmason,GitHub,hmason,https://github.com/hmason,Not Found,Not Found,Not Found,Not Found,Not Found,0,Not Found,Not Found,Not Found,Technology,Software Engineering,"['Open Source Code', 'Software Development']",Open Source Code & Tech Repositories,Not Found,GitHub Developer (@hmason),['Not Found'],Not Found,Not Found,Not Found,Not Found,Not Found,Not Found,Not Found,Not Found,GitHub Public Tech Developer Directory,https://api.github.com/search/users?q=type:user+followers:1000..5000+language:python&per_page=30,HTTP GET REST API Extraction (httpx),2026-08-22T08:04:21.137160+00:00
omarsar,GitHub,omarsar,https://github.com/omarsar,Not Found,Not Found,Not Found,Not Found,Not Found,0,Not Found,Not Found,Not Found,Technology,Software Engineering,"['Open Source Code', 'Software Development']",Open Source Code & Tech Repositories,Not Found,GitHub Developer (@omarsar),['Not Found'],Not Found,Not Found,Not Found,Not Found,Not Found,Not Found,Not Found,Not Found,GitHub Public Tech Developer Directory,https://api.github.com/search/users?q=type:user+followers:1000..5000+language:python&per_page=30,HTTP GET REST API Extraction (httpx),2026-08-22T08:04:21.605602+00:00
ageitgey,GitHub,ageitgey,https://github.com/ageitgey,Not Found,Not Found,Not Found,Not Found,Not Found,0,Not Found,Not Found,Not Found,Technology,Software Engineering,"['Open Source Code', 'Software Development']",Open Source Code & Tech Repositories,Not Found,GitHub Developer (@ageitgey),['Not Found'],Not Found,Not Found,Not Found,Not Found,Not Found,Not Found,Not Found,Not Found,GitHub Public Tech Developer Directory,https://api.github.com/search/users?q=type:user+followers:1000..5000+language:python&per_page=30,HTTP GET REST API Extraction (httpx),2026-08-22T08:04:22.114476+00:00
forrestchang,GitHub,forrestchang,https://github.com/forrestchang,Not Found,Not Found,Not Found,Not Found,Not Found,0,Not Found,Not Found,Not Found,Technology,Software Engineering,"['Open Source Code', 'Software Development']",Open Source Code & Tech Repositories,Not Found,GitHub Developer (@forrestchang),['Not Found'],Not Found,Not Found,Not Found,Not Found,Not Found,Not Found,Not Found,Not Found,GitHub Public Tech Developer Directory,https://api.github.com/search/users?q=type:user+followers:1000..5000+language:python&per_page=30,HTTP GET REST API Extraction (httpx),2026-08-22T08:04:22.544861+00:00
VikParuchuri,GitHub,vikparuchuri,https://github.com/VikParuchuri,Not Found,Not Found,Not Found,Not Found,Not Found,0,Not Found,Not Found,Not Found,Technology,Software Engineering,"['Open Source Code', 'Software Development']",Open Source Code & Tech Repositories,Not Found,GitHub Developer (@VikParuchuri),['Not Found'],Not Found,Not Found,Not Found,Not Found,Not Found,Not Found,Not Found,Not Found,GitHub Public Tech Developer Directory,https://api.github.com/search/users?q=type:user+followers:1000..5000+language:python&per_page=30,HTTP GET REST API Extraction (httpx),2026-08-22T08:04:23.143694+00:00
HackerPoet,GitHub,hackerpoet,https://github.com/HackerPoet,Not Found,Not Found,Not Found,Not Found,Not Found,0,Not Found,Not Found,Not Found,Technology,Software Engineering,"['Open Source Code', 'Software Development']",Open Source Code & Tech Repositories,Not Found,GitHub Developer (@HackerPoet),['Not Found'],Not Found,Not Found,Not Found,Not Found,Not Found,Not Found,Not Found,Not Found,GitHub Public Tech Developer Directory,https://api.github.com/search/users?q=type:user+followers:1000..5000+language:python&per_page=30,HTTP GET REST API Extraction (httpx),2026-08-22T08:04:23.708270+00:00
Newmu,GitHub,newmu,https://github.com/Newmu,Not Found,Not Found,Not Found,Not Found,Not Found,0,Not Found,Not Found,Not Found,Technology,Software Engineering,"['Open Source Code', 'Software Development']",Open Source Code & Tech Repositories,Not Found,GitHub Developer (@Newmu),['Not Found'],Not Found,Not Found,Not Found,Not Found,Not Found,Not Found,Not Found,Not Found,GitHub Public Tech Developer Directory,https://api.github.com/search/users?q=type:user+followers:1000..5000+language:python&per_page=30,HTTP GET REST API Extraction (httpx),2026-08-22T08:04:24.160374+00:00
Gizachew29,GitHub,gizachew29,https://github.com/Gizachew29,Not Found,Not Found,Not Found,Not Found,Not Found,0,Not Found,Not Found,Not Found,Technology,Software Engineering,"['Open Source Code', 'Software Development']",Open Source Code & Tech Repositories,Not Found,GitHub Developer (@Gizachew29),['Not Found'],Not Found,Not Found,Not Found,Not Found,Not Found,Not Found,Not Found,Not Found,GitHub Public Tech Developer Directory,https://api.github.com/search/users?q=type:user+followers:1000..5000+location:USA&per_page=30,HTTP GET REST API Extraction (httpx),2026-08-22T08:04:25.612988+00:00
BjarneStroustrup,GitHub,bjarnestroustrup,https://github.com/BjarneStroustrup,Not Found,Not Found,Not Found,Not Found,Not Found,0,Not Found,Not Found,Not Found,Technology,Software Engineering,"['Open Source Code', 'Software Development']",Open Source Code & Tech Repositories,Not Found,GitHub Developer (@BjarneStroustrup),['Not Found'],Not Found,Not Found,Not Found,Not Found,Not Found,Not Found,Not Found,Not Found,GitHub Public Tech Developer Directory,https://api.github.com/search/users?q=type:user+followers:1000..5000+location:USA&per_page=30,HTTP GET REST API Extraction (httpx),2026-08-22T08:04:26.511046+00:00
objective-see,GitHub,objective-see,https://github.com/objective-see,Not Found,Not Found,Not Found,Not Found,Not Found,0,Not Found,Not Found,Not Found,Technology,Software Engineering,"['Open Source Code', 'Software Development']",Open Source Code & Tech Repositories,Not Found,GitHub Developer (@objective-see),['Not Found'],Not Found,Not Found,Not Found,Not Found,Not Found,Not Found,Not Found,Not Found,GitHub Public Tech Developer Directory,https://api.github.com/search/users?q=type:user+followers:1000..5000+location:USA&per_page=30,HTTP GET REST API Extraction (httpx),2026-08-22T08:04:27.637846+00:00
nolimits4web,GitHub,nolimits4web,https://github.com/nolimits4web,Not Found,Not Found,Not Found,Not Found,Not Found,0,Not Found,Not Found,Not Found,Technology,Software Engineering,"['Open Source Code', 'Software Development']",Open Source Code & Tech Repositories,Not Found,GitHub Developer (@nolimits4web),['Not Found'],Not Found,Not Found,Not Found,Not Found,Not Found,Not Found,Not Found,Not Found,GitHub Public Tech Developer Directory,https://api.github.com/search/users?q=type:user+followers:1000..5000+location:USA&per_page=30,HTTP GET REST API Extraction (httpx),2026-08-22T08:04:28.354462+00:00
lh3,GitHub,lh3,https://github.com/lh3,Not Found,Not Found,Not Found,Not Found,Not Found,0,Not Found,Not Found,Not Found,Technology,Software Engineering,"['Open Source Code', 'Software Development']",Open Source Code & Tech Repositories,Not Found,GitHub Developer (@lh3),['Not Found'],Not Found,Not Found,Not Found,Not Found,Not Found,Not Found,Not Found,Not Found,GitHub Public Tech Developer Directory,https://api.github.com/search/users?q=type:user+followers:1000..5000+location:USA&per_page=30,HTTP GET REST API Extraction (httpx),2026-08-22T08:04:28.968354+00:00
k8gege,GitHub,k8gege,https://github.com/k8gege,Not Found,Not Found,Not Found,Not Found,Not Found,0,Not Found,Not Found,Not Found,Technology,Software Engineering,"['Open Source Code', 'Software Development']",Open Source Code & Tech Repositories,Not Found,GitHub Developer (@k8gege),['Not Found'],Not Found,Not Found,Not Found,Not Found,Not Found,Not Found,Not Found,Not Found,GitHub Public Tech Developer Directory,https://api.github.com/search/users?q=type:user+followers:1000..5000+location:USA&per_page=30,HTTP GET REST API Extraction (httpx),2026-08-22T08:04:29.480610+00:00
HarborLibrary,GitHub,harborlibrary,https://github.com/HarborLibrary,Not Found,Not Found,Not Found,Not Found,Not Found,0,Not Found,Not Found,Not Found,Technology,Software Engineering,"['Open Source Code', 'Software Development']",Open Source Code & Tech Repositories,Not Found,GitHub Developer (@HarborLibrary),['Not Found'],Not Found,Not Found,Not Found,Not Found,Not Found,Not Found,Not Found,Not Found,GitHub Public Tech Developer Directory,https://api.github.com/search/users?q=type:user+followers:1000..5000+location:USA&per_page=30,HTTP GET REST API Extraction (httpx),2026-08-22T08:04:30.195420+00:00
GeostatsGuy,GitHub,geostatsguy,https://github.com/GeostatsGuy,Not Found,Not Found,Not Found,Not Found,Not Found,0,Not Found,Not Found,Not Found,Technology,Software Engineering,"['Open Source Code', 'Software Development']",Open Source Code & Tech Repositories,Not Found,GitHub Developer (@GeostatsGuy),['Not Found'],Not Found,Not Found,Not Found,Not Found,Not Found,Not Found,Not Found,Not Found,GitHub Public Tech Developer Directory,https://api.github.com/search/users?q=type:user+followers:1000..5000+location:USA&per_page=30,HTTP GET REST API Extraction (httpx),2026-08-22T08:04:30.707464+00:00
yzhao062,GitHub,yzhao062,https://github.com/yzhao062,Not Found,Not Found,Not Found,Not Found,Not Found,0,Not Found,Not Found,Not Found,Technology,Software Engineering,"['Open Source Code', 'Software Development']",Open Source Code & Tech Repositories,Not Found,GitHub Developer (@yzhao062),['Not Found'],Not Found,Not Found,Not Found,Not Found,Not Found,Not Found,Not Found,Not Found,GitHub Public Tech Developer Directory,https://api.github.com/search/users?q=type:user+followers:1000..5000+location:USA&per_page=30,HTTP GET REST API Extraction (httpx),2026-08-22T08:04:31.153814+00:00
chrisvfritz,GitHub,chrisvfritz,https://github.com/chrisvfritz,Not Found,Not Found,Not Found,Not Found,Not Found,0,Not Found,Not Found,Not Found,Technology,Software Engineering,"['Open Source Code', 'Software Development']",Open Source Code & Tech Repositories,Not Found,GitHub Developer (@chrisvfritz),['Not Found'],Not Found,Not Found,Not Found,Not Found,Not Found,Not Found,Not Found,Not Found,GitHub Public Tech Developer Directory,https://api.github.com/search/users?q=type:user+followers:1000..5000+location:USA&per_page=30,HTTP GET REST API Extraction (httpx),2026-08-22T08:04:31.988847+00:00
bcaffo,GitHub,bcaffo,https://github.com/bcaffo,Not Found,Not Found,Not Found,Not Found,Not Found,0,Not Found,Not Found,Not Found,Technology,Software Engineering,"['Open Source Code', 'Software Development']",Open Source Code & Tech Repositories,Not Found,GitHub Developer (@bcaffo),['Not Found'],Not Found,Not Found,Not Found,Not Found,Not Found,Not Found,Not Found,Not Found,GitHub Public Tech Developer Directory,https://api.github.com/search/users?q=type:user+followers:1000..5000+location:USA&per_page=30,HTTP GET REST API Extraction (httpx),2026-08-22T08:04:32.387599+00:00
terrytangyuan,GitHub,terrytangyuan,https://github.com/terrytangyuan,Not Found,Not Found,Not Found,Not Found,Not Found,0,Not Found,Not Found,Not Found,Technology,Software Engineering,"['Open Source Code', 'Software Development']",Open Source Code & Tech Repositories,Not Found,GitHub Developer (@terrytangyuan),['Not Found'],Not Found,Not Found,Not Found,Not Found,Not Found,Not Found,Not Found,Not Found,GitHub Public Tech Developer Directory,https://api.github.com/search/users?q=type:user+followers:1000..5000+location:USA&per_page=30,HTTP GET REST API Extraction (httpx),2026-08-22T08:04:32.839277+00:00
SteveMacenski,GitHub,stevemacenski,https://github.com/SteveMacenski,Not Found,Not Found,Not Found,Not Found,Not Found,0,Not Found,Not Found,Not Found,Technology,Software Engineering,"['Open Source Code', 'Software Development']",Open Source Code & Tech Repositories,Not Found,GitHub Developer (@SteveMacenski),['Not Found'],Not Found,Not Found,Not Found,Not Found,Not Found,Not Found,Not Found,Not Found,GitHub Public Tech Developer Directory,https://api.github.com/search/users?q=type:user+followers:1000..5000+location:USA&per_page=30,HTTP GET REST API Extraction (httpx),2026-08-22T08:04:33.371221+00:00
wsvincent,GitHub,wsvincent,https://github.com/wsvincent,Not Found,Not Found,Not Found,Not Found,Not Found,0,Not Found,Not Found,Not Found,Technology,Software Engineering,"['Open Source Code', 'Software Development']",Open Source Code & Tech Repositories,Not Found,GitHub Developer (@wsvincent),['Not Found'],Not Found,Not Found,Not Found,Not Found,Not Found,Not Found,Not Found,Not Found,GitHub Public Tech Developer Directory,https://api.github.com/search/users?q=type:user+followers:1000..5000+location:USA&per_page=30,HTTP GET REST API Extraction (httpx),2026-08-22T08:04:33.919241+00:00
csev,GitHub,csev,https://github.com/csev,Not Found,Not Found,Not Found,Not Found,Not Found,0,Not Found,Not Found,Not Found,Technology,Software Engineering,"['Open Source Code', 'Software Development']",Open Source Code & Tech Repositories,Not Found,GitHub Developer (@csev),['Not Found'],Not Found,Not Found,Not Found,Not Found,Not Found,Not Found,Not Found,Not Found,GitHub Public Tech Developer Directory,https://api.github.com/search/users?q=type:user+followers:1000..5000+location:USA&per_page=30,HTTP GET REST API Extraction (httpx),2026-08-22T08:04:34.585402+00:00
indutny,GitHub,indutny,https://github.com/indutny,Not Found,Not Found,Not Found,Not Found,Not Found,0,Not Found,Not Found,Not Found,Technology,Software Engineering,"['Open Source Code', 'Software Development']",Open Source Code & Tech Repositories,Not Found,GitHub Developer (@indutny),['Not Found'],Not Found,Not Found,Not Found,Not Found,Not Found,Not Found,Not Found,Not Found,GitHub Public Tech Developer Directory,https://api.github.com/search/users?q=type:user+followers:1000..5000+location:USA&per_page=30,HTTP GET REST API Extraction (httpx),2026-08-22T08:04:35.135720+00:00
stevekinney,GitHub,stevekinney,https://github.com/stevekinney,Not Found,Not Found,Not Found,Not Found,Not Found,0,Not Found,Not Found,Not Found,Technology,Software Engineering,"['Open Source Code', 'Software Development']",Open Source Code & Tech Repositories,Not Found,GitHub Developer (@stevekinney),['Not Found'],Not Found,Not Found,Not Found,Not Found,Not Found,Not Found,Not Found,Not Found,GitHub Public Tech Developer Directory,https://api.github.com/search/users?q=type:user+followers:1000..5000+location:USA&per_page=30,HTTP GET REST API Extraction (httpx),2026-08-22T08:04:35.707668+00:00
KentBeck,GitHub,kentbeck,https://github.com/KentBeck,Not Found,Not Found,Not Found,Not Found,Not Found,0,Not Found,Not Found,Not Found,Technology,Software Engineering,"['Open Source Code', 'Software Development']",Open Source Code & Tech Repositories,Not Found,GitHub Developer (@KentBeck),['Not Found'],Not Found,Not Found,Not Found,Not Found,Not Found,Not Found,Not Found,Not Found,GitHub Public Tech Developer Directory,https://api.github.com/search/users?q=type:user+followers:1000..5000+location:USA&per_page=30,HTTP GET REST API Extraction (httpx),2026-08-22T08:04:36.170708+00:00
orderedlist,GitHub,orderedlist,https://github.com/orderedlist,Not Found,Not Found,Not Found,Not Found,Not Found,0,Not Found,Not Found,Not Found,Technology,Software Engineering,"['Open Source Code', 'Software Development']",Open Source Code & Tech Repositories,Not Found,GitHub Developer (@orderedlist),['Not Found'],Not Found,Not Found,Not Found,Not Found,Not Found,Not Found,Not Found,Not Found,GitHub Public Tech Developer Directory,https://api.github.com/search/users?q=type:user+followers:1000..5000+location:USA&per_page=30,HTTP GET REST API Extraction (httpx),2026-08-22T08:04:37.054313+00:00
jetsonhacks,GitHub,jetsonhacks,https://github.com/jetsonhacks,Not Found,Not Found,Not Found,Not Found,Not Found,0,Not Found,Not Found,Not Found,Technology,Software Engineering,"['Open Source Code', 'Software Development']",Open Source Code & Tech Repositories,Not Found,GitHub Developer (@jetsonhacks),['Not Found'],Not Found,Not Found,Not Found,Not Found,Not Found,Not Found,Not Found,Not Found,GitHub Public Tech Developer Directory,https://api.github.com/search/users?q=type:user+followers:1000..5000+location:USA&per_page=30,HTTP GET REST API Extraction (httpx),2026-08-22T08:04:37.835625+00:00
PaulStoffregen,GitHub,paulstoffregen,https://github.com/PaulStoffregen,Not Found,Not Found,Not Found,Not Found,Not Found,0,Not Found,Not Found,Not Found,Technology,Software Engineering,"['Open Source Code', 'Software Development']",Open Source Code & Tech Repositories,Not Found,GitHub Developer (@PaulStoffregen),['Not Found'],Not Found,Not Found,Not Found,Not Found,Not Found,Not Found,Not Found,Not Found,GitHub Public Tech Developer Directory,https://api.github.com/search/users?q=type:user+followers:1000..5000+location:USA&per_page=30,HTTP GET REST API Extraction (httpx),2026-08-22T08:04:38.594157+00:00
KittenYang,GitHub,kittenyang,https://github.com/KittenYang,Not Found,Not Found,Not Found,Not Found,Not Found,0,Not Found,Not Found,Not Found,Technology,Software Engineering,"['Open Source Code', 'Software Development']",Open Source Code & Tech Repositories,Not Found,GitHub Developer (@KittenYang),['Not Found'],Not Found,Not Found,Not Found,Not Found,Not Found,Not Found,Not Found,Not Found,GitHub Public Tech Developer Directory,https://api.github.com/search/users?q=type:user+followers:1000..5000+location:USA&per_page=30,HTTP GET REST API Extraction (httpx),2026-08-22T08:04:39.136382+00:00
JoshuaKGoldberg,GitHub,joshuakgoldberg,https://github.com/JoshuaKGoldberg,Not Found,Not Found,Not Found,Not Found,Not Found,0,Not Found,Not Found,Not Found,Technology,Software Engineering,"['Open Source Code', 'Software Development']",Open Source Code & Tech Repositories,Not Found,GitHub Developer (@JoshuaKGoldberg),['Not Found'],Not Found,Not Found,Not Found,Not Found,Not Found,Not Found,Not Found,Not Found,GitHub Public Tech Developer Directory,https://api.github.com/search/users?q=type:user+followers:1000..5000+location:USA&per_page=30,HTTP GET REST API Extraction (httpx),2026-08-22T08:04:39.703752+00:00
BruceEckel,GitHub,bruceeckel,https://github.com/BruceEckel,Not Found,Not Found,Not Found,Not Found,Not Found,0,Not Found,Not Found,Not Found,Technology,Software Engineering,"['Open Source Code', 'Software Development']",Open Source Code & Tech Repositories,Not Found,GitHub Developer (@BruceEckel),['Not Found'],Not Found,Not Found,Not Found,Not Found,Not Found,Not Found,Not Found,Not Found,GitHub Public Tech Developer Directory,https://api.github.com/search/users?q=type:user+followers:1000..5000+location:USA&per_page=30,HTTP GET REST API Extraction (httpx),2026-08-22T08:04:40.158992+00:00
SylvanFranklin,GitHub,sylvanfranklin,https://github.com/SylvanFranklin,Not Found,Not Found,Not Found,Not Found,Not Found,0,Not Found,Not Found,Not Found,Technology,Software Engineering,"['Open Source Code', 'Software Development']",Open Source Code & Tech Repositories,Not Found,GitHub Developer (@SylvanFranklin),['Not Found'],Not Found,Not Found,Not Found,Not Found,Not Found,Not Found,Not Found,Not Found,GitHub Public Tech Developer Directory,https://api.github.com/search/users?q=type:user+followers:1000..5000+location:USA&per_page=30,HTTP GET REST API Extraction (httpx),2026-08-22T08:04:40.637982+00:00
umputun,GitHub,umputun,https://github.com/umputun,Not Found,Not Found,Not Found,Not Found,Not Found,0,Not Found,Not Found,Not Found,Technology,Software Engineering,"['Open Source Code', 'Software Development']",Open Source Code & Tech Repositories,Not Found,GitHub Developer (@umputun),['Not Found'],Not Found,Not Found,Not Found,Not Found,Not Found,Not Found,Not Found,Not Found,GitHub Public Tech Developer Directory,https://api.github.com/search/users?q=type:user+followers:1000..5000+location:USA&per_page=30,HTTP GET REST API Extraction (httpx),2026-08-22T08:04:41.079525+00:00
jwiegley,GitHub,jwiegley,https://github.com/jwiegley,Not Found,Not Found,Not Found,Not Found,Not Found,0,Not Found,Not Found,Not Found,Technology,Software Engineering,"['Open Source Code', 'Software Development']",Open Source Code & Tech Repositories,Not Found,GitHub Developer (@jwiegley),['Not Found'],Not Found,Not Found,Not Found,Not Found,Not Found,Not Found,Not Found,Not Found,GitHub Public Tech Developer Directory,https://api.github.com/search/users?q=type:user+followers:1000..5000+location:USA&per_page=30,HTTP GET REST API Extraction (httpx),2026-08-22T08:04:42.281683+00:00
ashutosh1919,GitHub,ashutosh1919,https://github.com/ashutosh1919,Not Found,Not Found,Not Found,Not Found,Not Found,0,Not Found,Not Found,Not Found,Technology,Software Engineering,"['Open Source Code', 'Software Development']",Open Source Code & Tech Repositories,Not Found,GitHub Developer (@ashutosh1919),['Not Found'],Not Found,Not Found,Not Found,Not Found,Not Found,Not Found,Not Found,Not Found,GitHub Public Tech Developer Directory,https://api.github.com/search/users?q=type:user+followers:1000..5000+location:USA&per_page=30,HTTP GET REST API Extraction (httpx),2026-08-22T08:04:42.954557+00:00
andrewgodwin,GitHub,andrewgodwin,https://github.com/andrewgodwin,Not Found,Not Found,Not Found,Not Found,Not Found,0,Not Found,Not Found,Not Found,Technology,Software Engineering,"['Open Source Code', 'Software Development']",Open Source Code & Tech Repositories,Not Found,GitHub Developer (@andrewgodwin),['Not Found'],Not Found,Not Found,Not Found,Not Found,Not Found,Not Found,Not Found,Not Found,GitHub Public Tech Developer Directory,https://api.github.com/search/users?q=type:user+followers:1000..5000+location:USA&per_page=30,HTTP GET REST API Extraction (httpx),2026-08-22T08:04:43.713063+00:00
weierophinney,GitHub,weierophinney,https://github.com/weierophinney,Not Found,Not Found,Not Found,Not Found,Not Found,0,Not Found,Not Found,Not Found,Technology,Software Engineering,"['Open Source Code', 'Software Development']",Open Source Code & Tech Repositories,Not Found,GitHub Developer (@weierophinney),['Not Found'],Not Found,Not Found,Not Found,Not Found,Not Found,Not Found,Not Found,Not Found,GitHub Public Tech Developer Directory,https://api.github.com/search/users?q=type:user+followers:1000..5000+location:USA&per_page=30,HTTP GET REST API Extraction (httpx),2026-08-22T08:04:44.710520+00:00
Debashish Ghosal,Dev.to,debashish_ghosal,https://dev.to/debashish_ghosal,Not Found,Not Found,Not Found,Not Found,Not Found,0,8,10,Dev.to Articles REST API (Public Reactions & Comments),Technology,Artificial Intelligence,['Dev.to AI Articles'],Technical Articles & Written Guides,Dev.to Articles REST API,"Getting back into coding after 15 years as a people manager
Rest here - https://www.linkedin.com/in/deghosal/","[""I Told My LLM Critic to Be Adversarial. It Started Blocking Plans for Being 'Not Thorough Enough.'""]",Not Found,Not Found,https://github.com/deghosal-2026/,"Seattle, WA",Not Found,Not Found,Not Found,Not Found,Dev.to Public Tech Creator Marketplace Index,https://dev.to/api/articles?tag=ai&per_page=30,HTTP GET REST API Extraction (httpx),2026-08-22T08:04:46.785855+00:00
Earl Grey,Dev.to,earlgreyhot1701d,https://dev.to/earlgreyhot1701d,Not Found,Not Found,Not Found,Not Found,Not Found,0,7,2,Dev.to Articles REST API (Public Reactions & Comments),Technology,Artificial Intelligence,['Dev.to AI Articles'],Technical Articles & Written Guides,Dev.to Articles REST API,"Civic technologist building AI tools that help systems explain themselves. Clew Suite builder, NACM 2026 speaker. I write about hackathons, product judgment, agent readiness, and learning in public.","['My first website said ""Don\'t commit without context."" I never committed it at all.']",Not Found,Not Found,https://github.com/earlgreyhot1701D,Not Found,Not Found,Not Found,Not Found,Not Found,Dev.to Public Tech Creator Marketplace Index,https://dev.to/api/articles?tag=ai&per_page=30,HTTP GET REST API Extraction (httpx),2026-08-22T08:04:47.692087+00:00
Ken W Alger,Dev.to,kenwalger,https://dev.to/kenwalger,Not Found,Not Found,Not Found,Not Found,Not Found,0,1,0,Dev.to Articles REST API (Public Reactions & Comments),Technology,Artificial Intelligence,['Dev.to AI Articles'],Technical Articles & Written Guides,Dev.to Articles REST API,"Systems architect & technical product leader with roots in bare-metal engineering. I design modern local-first, data-sovereign AI platforms in Go/Python and scale elite core infrastructure teams.",['Designing a Reasoning Ledger Record'],Not Found,Not Found,http://www.kenwalger.com,Oregon,Not Found,Not Found,Not Found,Not Found,Dev.to Public Tech Creator Marketplace Index,https://dev.to/api/articles?tag=ai&per_page=30,HTTP GET REST API Extraction (httpx),2026-08-22T08:04:48.653504+00:00
Michael Amachree,Dev.to,dev_michael,https://dev.to/dev_michael,Not Found,Not Found,Not Found,Not Found,Not Found,0,1,2,Dev.to Articles REST API (Public Reactions & Comments),Technology,Artificial Intelligence,['Dev.to AI Articles'],Technical Articles & Written Guides,Dev.to Articles REST API,"Full-stack web developer specializing in Svelte, Nextjs, and Prisma. I focus on innovation, UI/UX, and open-source tools. Passionate about web tech, networking, and learning.","[""AI didn't make me a worse coder. It made me a worse reviewer.""]",Not Found,Not Found,https://svelte-apps.me,Wherever home is,Not Found,Not Found,Not Found,Not Found,Dev.to Public Tech Creator Marketplace Index,https://dev.to/api/articles?tag=ai&per_page=30,HTTP GET REST API Extraction (httpx),2026-08-22T08:04:49.654573+00:00
thomaslanghorst,Dev.to,thomaslanghorst,https://dev.to/thomaslanghorst,Not Found,Not Found,Not Found,Not Found,Not Found,0,0,0,Dev.to Articles REST API (Public Reactions & Comments),Technology,Artificial Intelligence,['Dev.to AI Articles'],Technical Articles & Written Guides,Dev.to Articles REST API,Software Engineer by day. Blogger by night.,['The Best Engineering Teams Use AI and Junior Developers Differently'],Not Found,Not Found,https://thomaslanghorst.com/,Not Found,Not Found,Not Found,Not Found,Not Found,Dev.to Public Tech Creator Marketplace Index,https://dev.to/api/articles?tag=ai&per_page=30,HTTP GET REST API Extraction (httpx),2026-08-22T08:04:51.090919+00:00
Mahak Faheem,Dev.to,mahakfaheem,https://dev.to/mahakfaheem,Not Found,Not Found,Not Found,Not Found,Not Found,0,0,0,Dev.to Articles REST API (Public Reactions & Comments),Technology,Artificial Intelligence,['Dev.to AI Articles'],Technical Articles & Written Guides,Dev.to Articles REST API,"ai, infra & breadcrumbs for future me","['Agent State, Memory & Checkpointing: Where the Boundaries Blur']",Not Found,Not Found,Not Found,India,Not Found,Not Found,Not Found,Not Found,Dev.to Public Tech Creator Marketplace Index,https://dev.to/api/articles?tag=ai&per_page=30,HTTP GET REST API Extraction (httpx),2026-08-22T08:04:52.419110+00:00
anthony papoti,Dev.to,anthony_builds,https://dev.to/anthony_builds,Not Found,Not Found,Not Found,Not Found,Not Found,0,1,0,Dev.to Articles REST API (Public Reactions & Comments),Technology,Artificial Intelligence,['Dev.to AI Articles'],Technical Articles & Written Guides,Dev.to Articles REST API,"Solo founder building Katto (katto.tech), an AI video clipper. Writing about building in public, video + AI, and the indie SaaS grind.",['You can now clip video from inside your AI agent: the state of MCP for video in 2026'],Not Found,Not Found,Not Found,Not Found,Not Found,Not Found,Not Found,Not Found,Dev.to Public Tech Creator Marketplace Index,https://dev.to/api/articles?tag=ai&per_page=30,HTTP GET REST API Extraction (httpx),2026-08-22T08:04:53.646174+00:00
olffy W,Dev.to,wolffy-good,https://dev.to/wolffy-good,Not Found,Not Found,Not Found,Not Found,Not Found,0,2,0,Dev.to Articles REST API (Public Reactions & Comments),Technology,Artificial Intelligence,['Dev.to AI Articles'],Technical Articles & Written Guides,Dev.to Articles REST API,"Developer exploring AI, APIs, and modern software tools. Sharing ideas, experiments, and lessons learned while building with emerging technologies. Interested in making AI more accessible for develope",['AI Model Routing: The Missing Infrastructure Layer for Multi-Model AI Applications'],Not Found,Not Found,https://supanexus.ai/,Not Found,Not Found,Not Found,Not Found,Not Found,Dev.to Public Tech Creator Marketplace Index,https://dev.to/api/articles?tag=ai&per_page=30,HTTP GET REST API Extraction (httpx),2026-08-22T08:04:54.774106+00:00
jomynn,Dev.to,jomynn,https://dev.to/jomynn,Not Found,Not Found,Not Found,Not Found,Not Found,0,0,0,Dev.to Articles REST API (Public Reactions & Comments),Technology,Artificial Intelligence,['Dev.to AI Articles'],Technical Articles & Written Guides,Dev.to Articles REST API,Blockchain developer,"[""Building an Offline AI Security Scanner That Doesn't Hallucinate Findings""]",Not Found,Not Found,Not Found,"Thailand, Lopburi",Not Found,Not Found,Not Found,Not Found,Dev.to Public Tech Creator Marketplace Index,https://dev.to/api/articles?tag=ai&per_page=30,HTTP GET REST API Extraction (httpx),2026-08-22T08:04:56.104793+00:00
@planetabhi,Dev.to,planetabhi_,https://dev.to/planetabhi_,Not Found,Not Found,Not Found,Not Found,Not Found,0,0,0,Dev.to Articles REST API (Public Reactions & Comments),Technology,Artificial Intelligence,['Dev.to AI Articles'],Technical Articles & Written Guides,Dev.to Articles REST API,⋛⋋( ⊙◊⊙)⋌⋚,"['Design Diff, a Visual Feedback Loop for Coding Agents']",Not Found,Not Found,Not Found,Not Found,Not Found,Not Found,Not Found,Not Found,Dev.to Public Tech Creator Marketplace Index,https://dev.to/api/articles?tag=ai&per_page=30,HTTP GET REST API Extraction (httpx),2026-08-22T08:04:57.025285+00:00
Chaos Wang,Dev.to,voltwake,https://dev.to/voltwake,Not Found,Not Found,Not Found,Not Found,Not Found,0,0,0,Dev.to Articles REST API (Public Reactions & Comments),Technology,Artificial Intelligence,['Dev.to AI Articles'],Technical Articles & Written Guides,Dev.to Articles REST API,"Building Curio — a design style library for AI agents: 1,000+ real design styles as machine-readable specs your AI can apply. designbycurio.com","[""Your AI doesn't understand design. So I gave it a library it can read.""]",Not Found,Not Found,Not Found,Not Found,Not Found,Not Found,Not Found,Not Found,Dev.to Public Tech Creator Marketplace Index,https://dev.to/api/articles?tag=ai&per_page=30,HTTP GET REST API Extraction (httpx),2026-08-22T08:04:58.152459+00:00
Raunak Tamang,Dev.to,cyberhoax,https://dev.to/cyberhoax,Not Found,Not Found,Not Found,Not Found,Not Found,0,0,0,Dev.to Articles REST API (Public Reactions & Comments),Technology,Artificial Intelligence,['Dev.to AI Articles'],Technical Articles & Written Guides,Dev.to Articles REST API,datagasm,['note taking app with auto sync leetcode and local llm model integration'],Not Found,Not Found,Not Found,bengaluru,Not Found,Not Found,Not Found,Not Found,Dev.to Public Tech Creator Marketplace Index,https://dev.to/api/articles?tag=ai&per_page=30,HTTP GET REST API Extraction (httpx),2026-08-22T08:04:59.534183+00:00
Masum Billah,Dev.to,billahdotdev,https://dev.to/billahdotdev,Not Found,Not Found,Not Found,Not Found,Not Found,0,0,0,Dev.to Articles REST API (Public Reactions & Comments),Technology,Artificial Intelligence,['Dev.to AI Articles'],Technical Articles & Written Guides,Dev.to Articles REST API,Brand & Business Systems Architect,['Problem Engineering: Why Defining the Problem Matters More Than Your Prompt'],Not Found,Not Found,https://billah.dev,"Dhaka, Bangladesh | Manila, Philippines",Not Found,Not Found,Not Found,Not Found,Dev.to Public Tech Creator Marketplace Index,https://dev.to/api/articles?tag=ai&per_page=30,HTTP GET REST API Extraction (httpx),2026-08-22T08:05:00.389905+00:00
Gaurav Kumar Singh,Dev.to,gaurav101,https://dev.to/gaurav101,Not Found,Not Found,Not Found,Not Found,Not Found,0,0,0,Dev.to Articles REST API (Public Reactions & Comments),Technology,Artificial Intelligence,['Dev.to AI Articles'],Technical Articles & Written Guides,Dev.to Articles REST API,"My expertise lies in building accessible front-end interfaces and efficient backend services using JavaScript (ES6+), TypeScript, React, Angular, Java/Springboot, and Google Cloud Platform, AI ,MCP",['The Great AI Mirage: Are We Buying Innovation or Just Badges?'],Not Found,Not Found,https://gaurav101.github.io,Pune,Not Found,Not Found,Not Found,Not Found,Dev.to Public Tech Creator Marketplace Index,https://dev.to/api/articles?tag=ai&per_page=30,HTTP GET REST API Extraction (httpx),2026-08-22T08:05:01.292884+00:00
Calvin Lin,Dev.to,calvin_lin_816fc5a7ce26a1,https://dev.to/calvin_lin_816fc5a7ce26a1,Not Found,Not Found,Not Found,Not Found,Not Found,0,0,0,Dev.to Articles REST API (Public Reactions & Comments),Technology,Artificial Intelligence,['Dev.to AI Articles'],Technical Articles & Written Guides,Dev.to Articles REST API,Author on Dev.to (AI),"['Why We Built an Independent, Goal-Driven AI Workspace']",Not Found,Not Found,Not Found,Not Found,Not Found,Not Found,Not Found,Not Found,Dev.to Public Tech Creator Marketplace Index,https://dev.to/api/articles?tag=ai&per_page=30,HTTP GET REST API Extraction (httpx),2026-08-22T08:05:02.414582+00:00
G Ghuman,Dev.to,g_ghuman_8989,https://dev.to/g_ghuman_8989,Not Found,Not Found,Not Found,Not Found,Not Found,0,0,0,Dev.to Articles REST API (Public Reactions & Comments),Technology,Artificial Intelligence,['Dev.to AI Articles'],Technical Articles & Written Guides,Dev.to Articles REST API,Author on Dev.to (AI),['Understanding OAuth2 the Simple Way'],Not Found,Not Found,Not Found,Not Found,Not Found,Not Found,Not Found,Not Found,Dev.to Public Tech Creator Marketplace Index,https://dev.to/api/articles?tag=ai&per_page=30,HTTP GET REST API Extraction (httpx),2026-08-22T08:05:03.448353+00:00
Papers Mache,Dev.to,olaughter,https://dev.to/olaughter,Not Found,Not Found,Not Found,Not Found,Not Found,0,0,0,Dev.to Articles REST API (Public Reactions & Comments),Technology,Artificial Intelligence,['Dev.to AI Articles'],Technical Articles & Written Guides,Dev.to Articles REST API,Author on Dev.to (AI),['VideoChat3 and RoboTTT Use Separate Transformer Backbones for Video Chat and Robot Policies'],Not Found,Not Found,Not Found,Not Found,Not Found,Not Found,Not Found,Not Found,Dev.to Public Tech Creator Marketplace Index,https://dev.to/api/articles?tag=ai&per_page=30,HTTP GET REST API Extraction (httpx),2026-08-22T08:05:04.688957+00:00
A. Moreno,Dev.to,amoreno,https://dev.to/amoreno,Not Found,Not Found,Not Found,Not Found,Not Found,0,0,0,Dev.to Articles REST API (Public Reactions & Comments),Technology,Artificial Intelligence,['Dev.to AI Articles'],Technical Articles & Written Guides,Dev.to Articles REST API,"Front-end engineer who likes to test new technologies and fixing code to perfection. Strong background in technical documentation and Front-end standards
🇲🇽","['If AI Can Write the Code, What Is a Developer Supposed to Do?']",Not Found,Not Found,https://www.amoreno.website/,Not Found,Not Found,Not Found,Not Found,Not Found,Dev.to Public Tech Creator Marketplace Index,https://dev.to/api/articles?tag=ai&per_page=30,HTTP GET REST API Extraction (httpx),2026-08-22T08:05:05.933978+00:00
THE TISA,Dev.to,the-tisa,https://dev.to/the-tisa,Not Found,Not Found,Not Found,Not Found,Not Found,0,0,0,Dev.to Articles REST API (Public Reactions & Comments),Technology,Artificial Intelligence,['Dev.to AI Articles'],Technical Articles & Written Guides,Dev.to Articles REST API,AI • Software Engineering • Cloud • SaaS • Exploring technology and sharing engineering insights from The TISA.,['The Complete AI Software Development Lifecycle Explained'],Not Found,Not Found,https://www.thetisa.com/,"1st Floor, 70-71, opposite Hotel Narayan Palace, Patel Nagar, Govindpura, Jaipur, Rajasthan 302012",Not Found,Not Found,Not Found,Not Found,Dev.to Public Tech Creator Marketplace Index,https://dev.to/api/articles?tag=ai&per_page=30,HTTP GET REST API Extraction (httpx),2026-08-22T08:05:06.893168+00:00
Mahmoud Harmouch,Dev.to,wiseai,https://dev.to/wiseai,Not Found,Not Found,Not Found,Not Found,Not Found,0,3,0,Dev.to Articles REST API (Public Reactions & Comments),Technology,Artificial Intelligence,['Dev.to AI Articles'],Technical Articles & Written Guides,Dev.to Articles REST API,Stay humble like a bumblebee 🐝. Only available on weekends. Thanks for your patience <3,['Life On Earth is 100% AI Generated Slop.'],Not Found,Not Found,https://wiseai.dev,Ferris Cosmos 🌌,Not Found,Not Found,Not Found,Not Found,Dev.to Public Tech Creator Marketplace Index,https://dev.to/api/articles?tag=ai&per_page=30,HTTP GET REST API Extraction (httpx),2026-08-22T08:05:07.813474+00:00
SoftiCation Technology,Dev.to,amar74,https://dev.to/amar74,Not Found,Not Found,Not Found,Not Found,Not Found,0,0,1,Dev.to Articles REST API (Public Reactions & Comments),Technology,Artificial Intelligence,['Dev.to AI Articles'],Technical Articles & Written Guides,Dev.to Articles REST API,Author on Dev.to (AI),['How to Add AI to Your Existing SaaS Application: A Practical Guide for 2026'],Not Found,Not Found,Not Found,Not Found,Not Found,Not Found,Not Found,Not Found,Dev.to Public Tech Creator Marketplace Index,https://dev.to/api/articles?tag=ai&per_page=30,HTTP GET REST API Extraction (httpx),2026-08-22T08:05:08.698350+00:00
Umair Bilal,Dev.to,umair24171,https://dev.to/umair24171,Not Found,Not Found,Not Found,Not Found,Not Found,0,0,0,Dev.to Articles REST API (Public Reactions & Comments),Technology,Artificial Intelligence,['Dev.to AI Articles'],Technical Articles & Written Guides,Dev.to Articles REST API,Author on Dev.to (AI),['How I Hit Sub-50ms AI App Latency: Flutter + Node.js'],Not Found,Not Found,Not Found,Not Found,Not Found,Not Found,Not Found,Not Found,Dev.to Public Tech Creator Marketplace Index,https://dev.to/api/articles?tag=ai&per_page=30,HTTP GET REST API Extraction (httpx),2026-08-22T08:05:09.593628+00:00
Tae Kim,Dev.to,hannune,https://dev.to/hannune,Not Found,Not Found,Not Found,Not Found,Not Found,0,2,3,Dev.to Articles REST API (Public Reactions & Comments),Technology,Artificial Intelligence,['Dev.to AI Articles'],Technical Articles & Written Guides,Dev.to Articles REST API,"AI engineer. I automate document work: translation, extraction, review, without wrecking your formatting.","[""Missed calls, missed revenue: the local-first phone assistant I'm building""]",Not Found,Not Found,https://hannune.ai,"Seoul, Korea",Not Found,Not Found,Not Found,Not Found,Dev.to Public Tech Creator Marketplace Index,https://dev.to/api/articles?tag=ai&per_page=30,HTTP GET REST API Extraction (httpx),2026-08-22T08:05:10.572064+00:00
Heinrich Neb,Dev.to,heinrichneb,https://dev.to/heinrichneb,Not Found,Not Found,Not Found,Not Found,Not Found,0,1,2,Dev.to Articles REST API (Public Reactions & Comments),Technology,Artificial Intelligence,['Dev.to AI Articles'],Technical Articles & Written Guides,Dev.to Articles REST API,"Building cachly (MCP): your coding agent remembers your codebase and every decision made — not just the chat. Follows you between editors, stays when someone leaves. I post what I learn shipping it.",['The best argument against my MCP server came from Anthropic'],Not Found,Not Found,https://cachly.dev?utm_source=devto&utm_medium=profile,"Argenthal, Germany",Not Found,Not Found,Not Found,Not Found,Dev.to Public Tech Creator Marketplace Index,https://dev.to/api/articles?tag=ai&per_page=30,HTTP GET REST API Extraction (httpx),2026-08-22T08:05:11.447129+00:00
Colton Doan,Dev.to,searay_11_254650fe8d2b6b6,https://dev.to/searay_11_254650fe8d2b6b6,Not Found,Not Found,Not Found,Not Found,Not Found,0,2,0,Dev.to Articles REST API (Public Reactions & Comments),Technology,Artificial Intelligence,['Dev.to AI Articles'],Technical Articles & Written Guides,Dev.to Articles REST API,Open-source project creator.,['Leveling up OpenCode... and not in the way you would expect.'],Not Found,Not Found,Not Found,Not Found,Not Found,Not Found,Not Found,Not Found,Dev.to Public Tech Creator Marketplace Index,https://dev.to/api/articles?tag=ai&per_page=30,HTTP GET REST API Extraction (httpx),2026-08-22T08:05:12.809050+00:00
mohit modi,Dev.to,mohit_modi_e86a932fb11e61,https://dev.to/mohit_modi_e86a932fb11e61,Not Found,Not Found,Not Found,Not Found,Not Found,0,0,1,Dev.to Articles REST API (Public Reactions & Comments),Technology,Artificial Intelligence,['Dev.to MACHINELEARNING Articles'],Technical Articles & Written Guides,Dev.to Articles REST API,Author on Dev.to (MACHINELEARNING),"[""Correlation Is Pairwise. Multicollinearity Isn't.""]",Not Found,Not Found,Not Found,Not Found,Not Found,Not Found,Not Found,Not Found,Dev.to Public Tech Creator Marketplace Index,https://dev.to/api/articles?tag=machinelearning&per_page=30,HTTP GET REST API Extraction (httpx),2026-08-22T08:05:14.413674+00:00
Sara Mo,Dev.to,sara_mo,https://dev.to/sara_mo,Not Found,Not Found,Not Found,Not Found,Not Found,0,1,0,Dev.to Articles REST API (Public Reactions & Comments),Technology,Artificial Intelligence,['Dev.to MACHINELEARNING Articles'],Technical Articles & Written Guides,Dev.to Articles REST API,"Engineer and product designer, self taught. I build small, honest dev tools and write free guides about the hard parts. Now: dugalaxy (open-source, reproducible test data) and the Harness Engineering",['Did the Model Upgrade Break Your AI Agent?'],Not Found,Not Found,https://www.nugalaxy.ai,Not Found,Not Found,Not Found,Not Found,Not Found,Dev.to Public Tech Creator Marketplace Index,https://dev.to/api/articles?tag=machinelearning&per_page=30,HTTP GET REST API Extraction (httpx),2026-08-22T08:05:15.240971+00:00
Konstantin Konovalov,Dev.to,academy_agineai,https://dev.to/academy_agineai,Not Found,Not Found,Not Found,Not Found,Not Found,0,0,1,Dev.to Articles REST API (Public Reactions & Comments),Technology,Artificial Intelligence,['Dev.to MACHINELEARNING Articles'],Technical Articles & Written Guides,Dev.to Articles REST API,"Practical AI for real work. I break down Claude, Claude Code, MCP and agents into steps you can actually ship. No hype, just what works.","[""We put an AI helper in our course and spent weeks teaching it to say I don't know""]",Not Found,Not Found,Not Found,Not Found,Not Found,Not Found,Not Found,Not Found,Dev.to Public Tech Creator Marketplace Index,https://dev.to/api/articles?tag=machinelearning&per_page=30,HTTP GET REST API Extraction (httpx),2026-08-22T08:05:16.174539+00:00
Gulshan Yadav,Dev.to,mryadavgulshan,https://dev.to/mryadavgulshan,Not Found,Not Found,Not Found,Not Found,Not Found,0,0,0,Dev.to Articles REST API (Public Reactions & Comments),Technology,Artificial Intelligence,['Dev.to MACHINELEARNING Articles'],Technical Articles & Written Guides,Dev.to Articles REST API,Founder @ https://misar.io,['What is RAG? How Retrieval-Augmented Generation Works'],Not Found,Not Found,https://misar.blog,"Bengaluru, Karnataka, India",Not Found,Not Found,Not Found,Not Found,Dev.to Public Tech Creator Marketplace Index,https://dev.to/api/articles?tag=machinelearning&per_page=30,HTTP GET REST API Extraction (httpx),2026-08-22T08:05:17.135877+00:00
Aadil Lone,Dev.to,aadilmajeedlone,https://dev.to/aadilmajeedlone,Not Found,Not Found,Not Found,Not Found,Not Found,0,0,0,Dev.to Articles REST API (Public Reactions & Comments),Technology,Artificial Intelligence,['Dev.to MACHINELEARNING Articles'],Technical Articles & Written Guides,Dev.to Articles REST API,Author on Dev.to (MACHINELEARNING),['Building an Escalation Root-Cause Agent with Gemini and ADK'],Not Found,Not Found,Not Found,Not Found,Not Found,Not Found,Not Found,Not Found,Dev.to Public Tech Creator Marketplace Index,https://dev.to/api/articles?tag=machinelearning&per_page=30,HTTP GET REST API Extraction (httpx),2026-08-22T08:05:18.352800+00:00
